Shipment_ID,Vehicle_ID,Driver_Name,Route,Warehouse,ATD,ATA,Delivery_Status,PoD_Status,Predicted_Delay_Minutes,Emergency_Alert,Temperature_C,Humidity_%,Vehicle_Speed_kmh,Fuel_Level_%,Inventory_Count
SHP-1000,TRK-114,Anne Lopez,Pasig to Makati,Warehouse D - Cebu,2026-05-14 10:45:02,2026-05-14 21:30:02,In Transit,Received,45,Road Closure,26.55,66.73,98.36,13.45,420
SHP-1001,TRK-102,John Cruz,Bulacan to Manila,Warehouse A - Manila,2026-05-03 10:37:02,2026-05-03 13:47:02,Delayed,Pending,10,None,29.91,54.91,72.93,27.99,143
SHP-1002,TRK-105,Paul Garcia,Laguna to Pasay,Warehouse B - Pasig,2026-05-07 3:14:02,2026-05-07 11:24:02,Cancelled,Received,10,Heavy Traffic,32.78,52.07,36.38,56,218
SHP-1003,TRK-105,Anne Lopez,Manila to Quezon City,Warehouse D - Cebu,2026-05-04 4:52:02,2026-05-04 9:12:02,In Transit,Pending,20,None,19.61,49.73,87.16,89.18,337
SHP-1004,TRK-102,Kevin Reyes,Cebu City to Mandaue,Warehouse A - Manila,2026-05-15 21:13:02,2026-05-16 7:33:02,In Transit,Pending,20,Engine Failure,24.09,88.23,83.68,84.71,259
SHP-1005,TRK-101,Anne Lopez,Pasig to Makati,Warehouse B - Pasig,2026-05-07 16:12:02,2026-05-07 23:42:02,Delayed,Pending,30,Road Closure,25.58,93.63,99.3,26.52,154
SHP-1006,TRK-115,Paul Garcia,Pasig to Makati,Warehouse A - Manila,2026-04-19 9:30:02,2026-04-19 17:00:02,Cancelled,Received,30,None,35.15,84.02,83.29,87.01,311
SHP-1007,TRK-114,Kevin Reyes,Pasig to Makati,Warehouse D - Cebu,2026-04-19 21:00:02,2026-04-19 22:00:02,Cancelled,Failed,0,None,23.7,87.43,96.73,25.44,269
SHP-1008,TRK-116,Mark Dela Cruz,Davao to Tagum,Warehouse A - Manila,2026-05-05 0:58:02,2026-05-05 10:13:02,Delayed,Received,15,None,32.39,43.71,86.77,67.14,174
SHP-1009,TRK-114,Kevin Reyes,Bulacan to Manila,Warehouse D - Cebu,2026-04-19 10:24:02,2026-04-19 20:29:02,In Transit,Pending,5,Heavy Traffic,29.1,90.46,42.17,76.01,122
SHP-1010,TRK-116,Kevin Reyes,Manila to Quezon City,Warehouse A - Manila,2026-05-10 21:49:02,2026-05-11 4:59:02,Delivered,Pending,10,None,21.19,88.9,51.65,49.39,203
SHP-1011,TRK-115,Liza Mendoza,Pasig to Makati,Warehouse B - Pasig,2026-05-11 5:05:02,2026-05-11 16:15:02,Delivered,Failed,10,None,34.41,40.2,65.89,40.84,37
SHP-1012,TRK-100,Paul Garcia,Davao to Tagum,Warehouse C - Laguna,2026-04-20 7:15:02,2026-04-20 17:25:02,Delivered,Failed,10,Heavy Traffic,31.6,94.63,37.27,82.52,405
SHP-1013,TRK-114,Paul Garcia,Cebu City to Mandaue,Warehouse D - Cebu,2026-04-19 16:13:02,2026-04-19 18:43:02,Delayed,Pending,30,Road Closure,18.08,81.42,53.23,49.64,77
SHP-1014,TRK-105,Kevin Reyes,Laguna to Pasay,Warehouse C - Laguna,2026-04-19 18:27:02,2026-04-20 1:47:02,In Transit,Pending,20,None,28.83,61.51,57.72,18.92,88
SHP-1015,TRK-110,Kevin Reyes,Cebu City to Mandaue,Warehouse A - Manila,2026-05-14 9:54:02,2026-05-14 13:59:02,Delivered,Received,5,None,20.21,86.86,78.72,18.28,387
SHP-1016,TRK-118,John Cruz,Taguig to Cavite,Warehouse A - Manila,2026-05-11 12:02:02,2026-05-11 21:22:02,Cancelled,Pending,20,None,32.61,88.88,58.04,60.66,138
SHP-1017,TRK-109,Paul Garcia,Davao to Tagum,Warehouse C - Laguna,2026-05-08 21:47:02,2026-05-09 1:32:02,In Transit,Received,45,None,30.16,94.34,58.4,52.76,67
SHP-1018,TRK-111,Liza Mendoza,Laguna to Pasay,Warehouse D - Cebu,2026-05-14 19:07:02,2026-05-15 2:12:02,Delayed,Pending,5,None,18.49,86.33,46.07,28.99,230
SHP-1019,TRK-117,Maria Santos,Pasig to Makati,Warehouse C - Laguna,2026-04-22 5:06:02,2026-04-22 16:11:02,In Transit,Received,5,Engine Failure,33.12,80.45,52.54,33.82,297
SHP-1020,TRK-108,Maria Santos,Laguna to Pasay,Warehouse C - Laguna,2026-05-04 21:16:02,2026-05-04 22:26:02,Cancelled,Pending,10,Road Closure,23.9,69.9,51.36,18.47,428
SHP-1021,TRK-118,Kevin Reyes,Bulacan to Manila,Warehouse B - Pasig,2026-05-08 15:59:02,2026-05-09 0:59:02,Delayed,Received,0,None,30.95,84.18,33.28,15.39,404
SHP-1022,TRK-103,Paul Garcia,Manila to Quezon City,Warehouse A - Manila,2026-04-24 2:23:02,2026-04-24 11:28:02,Delivered,Pending,5,Road Closure,33.74,54.33,71.5,78.74,225
SHP-1023,TRK-106,Paul Garcia,Laguna to Pasay,Warehouse C - Laguna,2026-04-27 1:07:02,2026-04-27 11:12:02,Delayed,Received,5,None,33.77,77.04,82.57,90.23,12
SHP-1024,TRK-107,Kevin Reyes,Manila to Quezon City,Warehouse D - Cebu,2026-05-03 17:37:02,2026-05-03 22:52:02,Cancelled,Pending,15,None,25.29,64.44,64.34,98.76,470
SHP-1025,TRK-111,John Cruz,Manila to Quezon City,Warehouse D - Cebu,2026-05-01 0:24:02,2026-05-01 6:09:02,Delayed,Received,45,None,27,62.58,77.1,79.46,134
SHP-1026,TRK-114,Liza Mendoza,Pasig to Makati,Warehouse D - Cebu,2026-04-24 19:34:02,2026-04-25 1:49:02,Cancelled,Received,15,Accident,24.4,70.89,70.62,23.69,484
SHP-1027,TRK-111,Mark Dela Cruz,Davao to Tagum,Warehouse D - Cebu,2026-04-29 13:57:02,2026-04-29 23:07:02,Delayed,Received,10,Heavy Traffic,33.42,90.3,48.28,11.51,353
SHP-1028,TRK-113,Maria Santos,Pasig to Makati,Warehouse D - Cebu,2026-05-07 11:10:02,2026-05-07 21:25:02,Delivered,Failed,15,Road Closure,34.21,65.35,79.36,20.74,382
SHP-1029,TRK-109,Maria Santos,Bulacan to Manila,Warehouse C - Laguna,2026-05-15 14:14:02,2026-05-15 21:14:02,Delayed,Received,0,None,35.46,81.18,37.2,50.85,303
SHP-1030,TRK-115,Kevin Reyes,Bulacan to Manila,Warehouse B - Pasig,2026-05-11 21:28:02,2026-05-12 0:28:02,Delivered,Failed,0,None,27.21,49.9,32.84,10,430
SHP-1031,TRK-104,Paul Garcia,Laguna to Pasay,Warehouse D - Cebu,2026-05-08 18:27:02,2026-05-09 0:27:02,Delayed,Received,0,Flat Tire,23.4,66.32,38.28,68.05,431
SHP-1032,TRK-108,John Cruz,Taguig to Cavite,Warehouse D - Cebu,2026-05-13 20:04:02,2026-05-14 0:24:02,Cancelled,Pending,20,None,39.38,62.51,74.76,12.2,185
SHP-1033,TRK-111,Paul Garcia,Pasig to Makati,Warehouse D - Cebu,2026-05-09 22:29:02,2026-05-10 8:49:02,Delivered,Pending,20,None,22.26,61.7,87.43,90.7,11
SHP-1034,TRK-101,Liza Mendoza,Manila to Quezon City,Warehouse A - Manila,2026-05-04 12:21:02,2026-05-04 16:41:02,Cancelled,Pending,20,None,24.71,62.33,41.58,42.19,336
SHP-1035,TRK-114,Kevin Reyes,Bulacan to Manila,Warehouse D - Cebu,2026-04-22 12:05:02,2026-04-22 20:05:02,Cancelled,Pending,0,Engine Failure,20.69,44.01,41.65,76.55,459
SHP-1036,TRK-114,John Cruz,Pasig to Makati,Warehouse D - Cebu,2026-05-04 22:16:02,2026-05-05 8:16:02,Delayed,Failed,0,None,31.39,46.86,82.41,84.72,210
SHP-1037,TRK-101,Liza Mendoza,Pasig to Makati,Warehouse D - Cebu,2026-04-19 3:11:02,2026-04-19 11:41:02,In Transit,Pending,30,None,19.84,83.54,94.54,23.47,355
SHP-1038,TRK-105,Anne Lopez,Laguna to Pasay,Warehouse A - Manila,2026-04-18 20:50:02,2026-04-19 5:20:02,Delivered,Failed,30,Accident,24.44,59.18,59.5,64.63,178
SHP-1039,TRK-108,Kevin Reyes,Manila to Quezon City,Warehouse A - Manila,2026-04-29 4:23:02,2026-04-29 8:33:02,Delayed,Pending,10,None,19.08,68.01,88.2,20.55,400
SHP-1040,TRK-101,John Cruz,Manila to Quezon City,Warehouse A - Manila,2026-04-19 14:36:02,2026-04-20 2:21:02,Delivered,Pending,45,None,39.31,68.46,99.17,67.57,159
SHP-1041,TRK-105,Maria Santos,Davao to Tagum,Warehouse B - Pasig,2026-04-26 1:28:02,2026-04-26 3:43:02,In Transit,Failed,15,None,25.55,51.08,73.53,95.3,474
SHP-1042,TRK-109,Kevin Reyes,Pasig to Makati,Warehouse D - Cebu,2026-05-06 7:05:02,2026-05-06 17:15:02,Cancelled,Pending,10,None,22.02,40.06,96.48,71.66,266
SHP-1043,TRK-110,Anne Lopez,Manila to Quezon City,Warehouse D - Cebu,2026-05-15 20:28:02,2026-05-16 3:28:02,In Transit,Pending,0,Accident,36.35,41.99,79.54,26.91,398
SHP-1044,TRK-108,Anne Lopez,Bulacan to Manila,Warehouse D - Cebu,2026-04-20 16:03:02,2026-04-20 17:08:02,Delayed,Pending,5,None,30.97,67.81,49.29,89.02,34
SHP-1045,TRK-107,Maria Santos,Bulacan to Manila,Warehouse C - Laguna,2026-05-07 0:42:02,2026-05-07 9:57:02,Delivered,Received,15,None,26.25,88.12,81.66,63.75,176
SHP-1046,TRK-103,Kevin Reyes,Manila to Quezon City,Warehouse A - Manila,2026-05-08 15:47:02,2026-05-08 17:57:02,Cancelled,Failed,10,None,33.87,68.05,75.26,46.66,383
SHP-1047,TRK-119,Maria Santos,Laguna to Pasay,Warehouse A - Manila,2026-04-21 11:30:02,2026-04-21 23:15:02,Cancelled,Received,45,None,36.02,86.98,83.92,93.66,344
SHP-1048,TRK-108,Maria Santos,Davao to Tagum,Warehouse A - Manila,2026-04-28 21:43:02,2026-04-29 0:58:02,Cancelled,Pending,15,None,23.91,75.61,69.03,85.66,428
SHP-1049,TRK-100,Liza Mendoza,Cebu City to Mandaue,Warehouse B - Pasig,2026-04-17 11:03:02,2026-04-17 17:08:02,Cancelled,Received,5,Road Closure,33.37,48.81,42.18,59.47,25
SHP-1050,TRK-103,Maria Santos,Cebu City to Mandaue,Warehouse D - Cebu,2026-04-20 23:37:02,2026-04-21 8:42:02,Cancelled,Received,5,None,18.54,48.92,90.83,99.97,454
SHP-1051,TRK-100,Anne Lopez,Taguig to Cavite,Warehouse D - Cebu,2026-05-06 13:28:02,2026-05-06 16:38:02,Cancelled,Failed,10,None,30.44,86.67,39.91,94.78,175
SHP-1052,TRK-113,Kevin Reyes,Taguig to Cavite,Warehouse A - Manila,2026-04-21 22:57:02,2026-04-22 4:07:02,Delayed,Failed,10,Heavy Traffic,25.41,59.79,44,11.2,315
SHP-1053,TRK-113,Paul Garcia,Laguna to Pasay,Warehouse B - Pasig,2026-04-22 7:54:02,2026-04-22 11:59:02,Delayed,Received,5,None,27.41,47.77,43.97,15.67,460
SHP-1054,TRK-115,Mark Dela Cruz,Cebu City to Mandaue,Warehouse C - Laguna,2026-05-06 23:13:02,2026-05-07 5:23:02,Delayed,Pending,10,None,34.92,74.05,46.27,79.96,245
SHP-1055,TRK-114,Mark Dela Cruz,Taguig to Cavite,Warehouse D - Cebu,2026-04-30 0:41:02,2026-04-30 3:11:02,Cancelled,Pending,30,Flat Tire,30.51,54.76,95.31,30.3,475
SHP-1056,TRK-102,Maria Santos,Davao to Tagum,Warehouse D - Cebu,2026-04-30 5:27:02,2026-04-30 12:12:02,Delivered,Received,45,Accident,38.3,72.19,65.14,65.01,362
SHP-1057,TRK-119,Anne Lopez,Laguna to Pasay,Warehouse B - Pasig,2026-05-03 13:47:02,2026-05-03 15:17:02,Delayed,Received,30,Engine Failure,25.05,66.15,84.61,15.2,120
SHP-1058,TRK-116,Kevin Reyes,Cebu City to Mandaue,Warehouse B - Pasig,2026-05-10 20:24:02,2026-05-11 4:54:02,Delivered,Received,30,Road Closure,23.5,82.6,40.35,29.85,398
SHP-1059,TRK-112,Liza Mendoza,Laguna to Pasay,Warehouse B - Pasig,2026-05-07 18:57:02,2026-05-07 22:17:02,In Transit,Received,20,None,22.19,81.75,48.12,44.28,81
SHP-1060,TRK-105,Mark Dela Cruz,Laguna to Pasay,Warehouse C - Laguna,2026-04-28 3:46:02,2026-04-28 6:31:02,Delayed,Received,45,None,31.01,49.74,38.51,18.3,247
SHP-1061,TRK-107,Liza Mendoza,Cebu City to Mandaue,Warehouse C - Laguna,2026-04-18 2:26:02,2026-04-18 8:56:02,Delayed,Pending,30,None,37.02,85.5,85.4,58.31,394
SHP-1062,TRK-107,John Cruz,Pasig to Makati,Warehouse A - Manila,2026-04-29 7:36:02,2026-04-29 11:46:02,Cancelled,Received,10,None,21.61,58.8,93.43,50.65,415
SHP-1063,TRK-110,Maria Santos,Cebu City to Mandaue,Warehouse C - Laguna,2026-05-10 17:59:02,2026-05-11 0:19:02,Cancelled,Failed,20,Heavy Traffic,37.27,66.79,70.39,50.98,41
SHP-1064,TRK-111,Anne Lopez,Taguig to Cavite,Warehouse A - Manila,2026-04-17 18:57:02,2026-04-18 3:12:02,Cancelled,Received,15,None,23.6,78.57,80.58,67.21,402
SHP-1065,TRK-115,Paul Garcia,Manila to Quezon City,Warehouse B - Pasig,2026-04-20 19:00:02,2026-04-21 3:05:02,Delivered,Pending,5,None,24.05,86.26,81.19,55.16,441
SHP-1066,TRK-114,Maria Santos,Bulacan to Manila,Warehouse C - Laguna,2026-04-28 10:32:02,2026-04-28 21:42:02,Cancelled,Pending,10,Accident,35.19,86.56,90.94,77.67,34
SHP-1067,TRK-106,Mark Dela Cruz,Cebu City to Mandaue,Warehouse A - Manila,2026-04-23 7:49:02,2026-04-23 11:09:02,In Transit,Failed,20,Flat Tire,27,48.99,89.58,86.95,250
SHP-1068,TRK-104,Mark Dela Cruz,Manila to Quezon City,Warehouse D - Cebu,2026-04-23 0:07:02,2026-04-23 3:22:02,Cancelled,Failed,15,None,34.63,82.53,86.7,43.37,343
SHP-1069,TRK-116,John Cruz,Davao to Tagum,Warehouse A - Manila,2026-05-10 7:03:02,2026-05-10 10:08:02,Delayed,Pending,5,None,30.65,60.97,50.36,67.6,18
SHP-1070,TRK-102,Mark Dela Cruz,Davao to Tagum,Warehouse B - Pasig,2026-05-14 0:37:02,2026-05-14 11:52:02,Delayed,Received,15,None,25.31,78.41,99.53,49.15,145
SHP-1071,TRK-116,Paul Garcia,Bulacan to Manila,Warehouse C - Laguna,2026-04-19 6:28:02,2026-04-19 12:33:02,Delivered,Failed,5,None,27.6,68.48,93.49,47.87,389
SHP-1072,TRK-114,John Cruz,Davao to Tagum,Warehouse A - Manila,2026-05-08 2:19:02,2026-05-08 11:29:02,In Transit,Received,10,None,23.61,40.49,86.92,29.58,174
SHP-1073,TRK-106,Paul Garcia,Taguig to Cavite,Warehouse A - Manila,2026-04-19 20:37:02,2026-04-20 5:07:02,In Transit,Received,30,Road Closure,22.03,61,61.15,54.72,192
SHP-1074,TRK-104,Anne Lopez,Laguna to Pasay,Warehouse B - Pasig,2026-05-04 17:51:02,2026-05-05 5:21:02,Cancelled,Failed,30,None,21.85,65.56,78.95,46.85,162
SHP-1075,TRK-106,Maria Santos,Pasig to Makati,Warehouse C - Laguna,2026-04-26 6:39:02,2026-04-26 15:44:02,In Transit,Received,5,None,37.75,63.58,98.26,42.58,54
SHP-1076,TRK-116,Maria Santos,Davao to Tagum,Warehouse C - Laguna,2026-04-17 4:32:02,2026-04-17 10:32:02,Cancelled,Failed,0,Heavy Traffic,27.34,60.4,93.38,64.4,416
SHP-1077,TRK-118,Paul Garcia,Bulacan to Manila,Warehouse D - Cebu,2026-05-10 2:07:02,2026-05-10 8:07:02,Delayed,Failed,0,None,26.78,41.93,65.03,67.92,267
SHP-1078,TRK-113,Paul Garcia,Pasig to Makati,Warehouse A - Manila,2026-05-10 5:05:02,2026-05-10 8:25:02,Cancelled,Received,20,None,37.91,64.2,88.73,13.43,50
SHP-1079,TRK-118,Paul Garcia,Taguig to Cavite,Warehouse D - Cebu,2026-04-29 12:19:02,2026-04-29 16:24:02,Cancelled,Failed,5,None,38.09,72.17,57.3,11.1,289
SHP-1080,TRK-112,Kevin Reyes,Davao to Tagum,Warehouse D - Cebu,2026-05-01 19:09:02,2026-05-02 5:14:02,Cancelled,Failed,5,Heavy Traffic,28.47,90.07,38.9,48.16,481
SHP-1081,TRK-108,Maria Santos,Manila to Quezon City,Warehouse C - Laguna,2026-05-01 10:42:02,2026-05-01 15:52:02,Delayed,Received,10,None,25.26,49.44,66.1,97.28,386
SHP-1082,TRK-100,Kevin Reyes,Manila to Quezon City,Warehouse A - Manila,2026-05-12 16:11:02,2026-05-12 18:41:02,Cancelled,Received,30,None,34.04,40.96,75.16,22.61,68
SHP-1083,TRK-102,Liza Mendoza,Bulacan to Manila,Warehouse D - Cebu,2026-05-08 5:55:02,2026-05-08 13:55:02,Delayed,Failed,0,None,37.19,85.6,50.48,51.08,292
SHP-1084,TRK-107,Liza Mendoza,Cebu City to Mandaue,Warehouse B - Pasig,2026-05-08 12:38:02,2026-05-08 17:58:02,Delivered,Pending,20,None,28.74,81.7,40.32,46.46,315
SHP-1085,TRK-101,Kevin Reyes,Pasig to Makati,Warehouse C - Laguna,2026-04-16 5:09:02,2026-04-16 16:29:02,Delayed,Failed,20,None,18.25,93.48,61.49,22.79,463
SHP-1086,TRK-100,Maria Santos,Davao to Tagum,Warehouse C - Laguna,2026-04-23 20:41:02,2026-04-23 22:11:02,In Transit,Failed,30,None,24.46,88.82,40.09,11.86,434
SHP-1087,TRK-114,John Cruz,Laguna to Pasay,Warehouse D - Cebu,2026-05-07 15:26:02,2026-05-07 19:46:02,Cancelled,Received,20,None,22.49,71.8,60.34,61.22,418
SHP-1088,TRK-110,Paul Garcia,Taguig to Cavite,Warehouse D - Cebu,2026-04-27 0:51:02,2026-04-27 11:21:02,Delivered,Received,30,Engine Failure,32.67,75.02,48.33,89.85,429
SHP-1089,TRK-115,John Cruz,Laguna to Pasay,Warehouse C - Laguna,2026-04-24 7:41:02,2026-04-24 19:26:02,Delayed,Received,45,None,34.56,84.83,85.86,41.98,157
SHP-1090,TRK-111,Anne Lopez,Davao to Tagum,Warehouse A - Manila,2026-05-02 22:59:02,2026-05-03 3:14:02,Cancelled,Received,15,None,37.89,58.87,76.26,12.72,497
SHP-1091,TRK-118,Anne Lopez,Cebu City to Mandaue,Warehouse A - Manila,2026-05-11 4:23:02,2026-05-11 9:53:02,Delivered,Received,30,None,22.86,42.83,62.03,38.81,90
SHP-1092,TRK-105,Anne Lopez,Pasig to Makati,Warehouse A - Manila,2026-04-29 8:17:02,2026-04-29 18:27:02,Delayed,Failed,10,None,38.05,47.39,39.19,13.27,205
SHP-1093,TRK-105,Paul Garcia,Manila to Quezon City,Warehouse A - Manila,2026-04-17 21:37:02,2026-04-18 6:22:02,Cancelled,Pending,45,Heavy Traffic,21.81,66.9,47.89,80.87,426
SHP-1094,TRK-100,Liza Mendoza,Taguig to Cavite,Warehouse B - Pasig,2026-04-24 9:31:02,2026-04-24 11:36:02,Cancelled,Failed,5,None,21.74,64.48,48.43,69.51,313
SHP-1095,TRK-102,Liza Mendoza,Davao to Tagum,Warehouse C - Laguna,2026-05-01 23:04:02,2026-05-02 4:19:02,Cancelled,Pending,15,None,30.27,66.64,59.19,68.32,185
SHP-1096,TRK-119,Kevin Reyes,Taguig to Cavite,Warehouse A - Manila,2026-05-08 10:19:02,2026-05-08 12:29:02,Cancelled,Received,10,Road Closure,21.36,40.9,45.73,19.77,208
SHP-1097,TRK-105,Mark Dela Cruz,Manila to Quezon City,Warehouse B - Pasig,2026-04-20 9:49:02,2026-04-20 13:54:02,In Transit,Received,5,Heavy Traffic,22.09,78.42,80.31,66.75,107
SHP-1098,TRK-119,John Cruz,Cebu City to Mandaue,Warehouse C - Laguna,2026-05-09 13:14:02,2026-05-09 15:14:02,In Transit,Pending,0,None,32.16,68.26,79.76,29.11,376
SHP-1099,TRK-113,John Cruz,Manila to Quezon City,Warehouse A - Manila,2026-05-04 15:50:02,2026-05-05 0:20:02,In Transit,Pending,30,None,39.61,75.83,66.97,45.68,180
SHP-1100,TRK-109,Kevin Reyes,Bulacan to Manila,Warehouse B - Pasig,2026-04-29 5:05:02,2026-04-29 15:50:02,Cancelled,Received,45,None,18.03,75.31,73.02,65.9,413
SHP-1101,TRK-103,Kevin Reyes,Manila to Quezon City,Warehouse C - Laguna,2026-04-17 1:48:02,2026-04-17 7:08:02,Cancelled,Pending,20,None,20.9,43.1,42.39,10.92,428
SHP-1102,TRK-117,Paul Garcia,Davao to Tagum,Warehouse B - Pasig,2026-05-11 18:59:02,2026-05-12 5:29:02,Delivered,Pending,30,None,32.66,48.32,83.39,92.94,102
SHP-1103,TRK-103,Liza Mendoza,Davao to Tagum,Warehouse D - Cebu,2026-04-26 17:38:02,2026-04-27 5:08:02,Delivered,Received,30,None,18.8,84.39,53.64,62.62,54
SHP-1104,TRK-100,Anne Lopez,Bulacan to Manila,Warehouse C - Laguna,2026-05-07 18:20:02,2026-05-07 20:20:02,Cancelled,Pending,0,None,30.12,55.25,58.9,52.49,136
SHP-1105,TRK-119,Mark Dela Cruz,Laguna to Pasay,Warehouse D - Cebu,2026-05-09 17:20:02,2026-05-09 21:40:02,Cancelled,Pending,20,None,34.28,55.95,52.63,11.37,415
SHP-1106,TRK-112,John Cruz,Cebu City to Mandaue,Warehouse C - Laguna,2026-05-10 11:20:02,2026-05-10 18:40:02,Delivered,Received,20,None,31.56,63.48,52.56,72.16,456
SHP-1107,TRK-100,Paul Garcia,Pasig to Makati,Warehouse D - Cebu,2026-05-01 3:37:02,2026-05-01 7:52:02,Delivered,Failed,15,None,20.98,51.14,36.27,92.02,462
SHP-1108,TRK-116,Anne Lopez,Cebu City to Mandaue,Warehouse A - Manila,2026-05-06 22:13:02,2026-05-07 6:28:02,Delayed,Received,15,None,39.1,85.06,34.15,72.38,162
SHP-1109,TRK-102,Liza Mendoza,Bulacan to Manila,Warehouse A - Manila,2026-05-09 23:21:02,2026-05-10 0:31:02,In Transit,Received,10,None,34.17,82.38,99.52,65.24,61
SHP-1110,TRK-115,Anne Lopez,Davao to Tagum,Warehouse C - Laguna,2026-05-09 11:17:02,2026-05-09 13:47:02,Delivered,Pending,30,None,31.56,54.94,65.54,30.08,479
SHP-1111,TRK-116,Maria Santos,Taguig to Cavite,Warehouse A - Manila,2026-04-25 15:59:02,2026-04-25 23:14:02,In Transit,Failed,15,None,30.72,47.81,44.06,38.63,365
SHP-1112,TRK-109,Maria Santos,Davao to Tagum,Warehouse A - Manila,2026-05-11 16:46:02,2026-05-12 2:16:02,Delayed,Failed,30,None,34.1,94.12,40.39,93.05,26
SHP-1113,TRK-111,Maria Santos,Taguig to Cavite,Warehouse C - Laguna,2026-04-25 1:27:02,2026-04-25 11:27:02,In Transit,Received,0,None,38.43,64.96,53.59,41.63,105
SHP-1114,TRK-118,Paul Garcia,Cebu City to Mandaue,Warehouse A - Manila,2026-04-26 16:17:02,2026-04-26 17:22:02,Cancelled,Received,5,None,31.04,58.64,63.09,95.74,28
SHP-1115,TRK-113,Paul Garcia,Laguna to Pasay,Warehouse C - Laguna,2026-04-17 9:17:02,2026-04-17 12:32:02,Delivered,Pending,15,None,30.84,73.34,55.82,62.54,335
SHP-1116,TRK-104,Maria Santos,Pasig to Makati,Warehouse D - Cebu,2026-05-04 20:39:02,2026-05-05 4:39:02,Cancelled,Received,0,None,38.4,63.09,72.91,88.21,124
SHP-1117,TRK-108,Kevin Reyes,Davao to Tagum,Warehouse C - Laguna,2026-05-07 15:08:02,2026-05-07 18:53:02,Delayed,Received,45,Road Closure,36.31,60.74,57.35,43.14,256
SHP-1118,TRK-118,Anne Lopez,Davao to Tagum,Warehouse C - Laguna,2026-04-18 9:27:02,2026-04-18 20:47:02,In Transit,Received,20,Heavy Traffic,31,50.29,57.62,87.31,310
SHP-1119,TRK-101,Anne Lopez,Laguna to Pasay,Warehouse A - Manila,2026-04-17 23:03:02,2026-04-18 2:18:02,Delayed,Pending,15,None,23.99,90.18,59.18,65.14,396
SHP-1120,TRK-102,Maria Santos,Bulacan to Manila,Warehouse C - Laguna,2026-04-22 11:04:02,2026-04-22 17:14:02,Delivered,Received,10,None,23.31,81.5,92.57,45.43,132
SHP-1121,TRK-112,Anne Lopez,Pasig to Makati,Warehouse B - Pasig,2026-05-01 19:39:02,2026-05-02 0:54:02,Delayed,Received,15,None,31.45,42.93,76.92,90.45,23
SHP-1122,TRK-107,John Cruz,Manila to Quezon City,Warehouse B - Pasig,2026-05-12 17:09:02,2026-05-13 3:39:02,Delayed,Failed,30,None,36.96,81.57,48.93,24.26,320
SHP-1123,TRK-113,Anne Lopez,Pasig to Makati,Warehouse B - Pasig,2026-05-16 2:42:02,2026-05-16 6:27:02,In Transit,Pending,45,None,20.19,44.9,80.55,16.72,258
SHP-1124,TRK-116,John Cruz,Manila to Quezon City,Warehouse D - Cebu,2026-04-17 13:15:02,2026-04-17 17:20:02,Cancelled,Pending,5,None,23.97,59.23,38.23,44.36,431
SHP-1125,TRK-109,Liza Mendoza,Manila to Quezon City,Warehouse D - Cebu,2026-05-07 17:35:02,2026-05-08 3:50:02,Delivered,Pending,15,None,25.01,85.25,31.66,64.51,277
SHP-1126,TRK-115,Anne Lopez,Cebu City to Mandaue,Warehouse B - Pasig,2026-04-24 3:54:02,2026-04-24 14:09:02,Cancelled,Failed,15,None,33.35,55.24,36.39,15.48,459
SHP-1127,TRK-117,Maria Santos,Bulacan to Manila,Warehouse C - Laguna,2026-04-24 20:44:02,2026-04-25 5:54:02,Cancelled,Received,10,Road Closure,20.1,48.66,61.23,76.68,392
SHP-1128,TRK-113,Paul Garcia,Davao to Tagum,Warehouse D - Cebu,2026-05-04 13:00:02,2026-05-05 0:00:02,In Transit,Failed,0,None,35.05,56.01,56.36,23.05,489
SHP-1129,TRK-110,Anne Lopez,Pasig to Makati,Warehouse D - Cebu,2026-05-02 14:57:02,2026-05-02 19:27:02,Delivered,Failed,30,Engine Failure,33.78,88.03,31.4,83.46,331
SHP-1130,TRK-113,Anne Lopez,Taguig to Cavite,Warehouse C - Laguna,2026-04-27 10:06:02,2026-04-27 21:26:02,In Transit,Received,20,None,22.84,41.07,71.16,88.85,29
SHP-1131,TRK-116,Paul Garcia,Bulacan to Manila,Warehouse A - Manila,2026-04-24 8:58:02,2026-04-24 16:03:02,Delayed,Failed,5,None,27.2,59.18,91.82,99.69,16
SHP-1132,TRK-108,Maria Santos,Pasig to Makati,Warehouse B - Pasig,2026-05-07 1:30:02,2026-05-07 10:40:02,Cancelled,Received,10,Road Closure,28.72,62.04,72.2,66.84,269
SHP-1133,TRK-106,Liza Mendoza,Manila to Quezon City,Warehouse C - Laguna,2026-05-04 13:17:02,2026-05-05 0:22:02,Cancelled,Received,5,None,34.7,45.91,51.49,19.25,125
SHP-1134,TRK-100,Kevin Reyes,Taguig to Cavite,Warehouse D - Cebu,2026-05-10 19:03:02,2026-05-10 21:08:02,Delayed,Pending,5,None,18.65,69.84,31.73,54.09,47
SHP-1135,TRK-116,Liza Mendoza,Taguig to Cavite,Warehouse C - Laguna,2026-05-12 6:30:02,2026-05-12 12:35:02,Delayed,Received,5,None,26.16,62.31,35.91,59.95,172
SHP-1136,TRK-113,Anne Lopez,Taguig to Cavite,Warehouse D - Cebu,2026-04-18 19:24:02,2026-04-18 21:09:02,Cancelled,Pending,45,None,32.25,56.01,32.22,34.35,378
SHP-1137,TRK-116,Mark Dela Cruz,Cebu City to Mandaue,Warehouse C - Laguna,2026-04-24 6:13:02,2026-04-24 15:28:02,Delayed,Pending,15,None,31.54,58.81,47.11,59.3,453
SHP-1138,TRK-102,Liza Mendoza,Pasig to Makati,Warehouse A - Manila,2026-05-11 13:13:02,2026-05-11 14:13:02,In Transit,Received,0,Heavy Traffic,36.26,78.96,37.8,82.52,405
SHP-1139,TRK-104,John Cruz,Taguig to Cavite,Warehouse A - Manila,2026-04-17 22:37:02,2026-04-18 3:42:02,In Transit,Failed,5,None,22.98,51.84,82.68,20.82,210
SHP-1140,TRK-104,Liza Mendoza,Manila to Quezon City,Warehouse A - Manila,2026-05-13 22:28:02,2026-05-13 23:58:02,Delivered,Pending,30,None,32.29,69.82,91.79,56.92,50
SHP-1141,TRK-112,Maria Santos,Bulacan to Manila,Warehouse C - Laguna,2026-04-21 17:09:02,2026-04-22 4:09:02,Delayed,Failed,0,Heavy Traffic,24.88,80.66,87.76,72.67,53
SHP-1142,TRK-107,Maria Santos,Bulacan to Manila,Warehouse C - Laguna,2026-04-29 17:41:02,2026-04-29 21:51:02,Delivered,Received,10,None,27.68,89.28,67.02,84.12,294
SHP-1143,TRK-101,Maria Santos,Taguig to Cavite,Warehouse B - Pasig,2026-05-14 22:57:02,2026-05-15 0:12:02,In Transit,Pending,15,Flat Tire,33.77,41.96,48.4,89.6,271
SHP-1144,TRK-118,Kevin Reyes,Taguig to Cavite,Warehouse C - Laguna,2026-05-02 19:46:02,2026-05-03 0:56:02,Delayed,Received,10,None,31.25,46.9,89.79,52.79,178
SHP-1145,TRK-114,John Cruz,Bulacan to Manila,Warehouse A - Manila,2026-04-22 0:25:02,2026-04-22 1:35:02,In Transit,Received,10,Road Closure,19.97,43.95,52.49,35.8,390
SHP-1146,TRK-115,Anne Lopez,Cebu City to Mandaue,Warehouse B - Pasig,2026-04-20 6:47:02,2026-04-20 12:17:02,Delivered,Received,30,None,37.09,88.56,85.03,95.34,368
SHP-1147,TRK-115,Paul Garcia,Taguig to Cavite,Warehouse D - Cebu,2026-05-02 9:51:02,2026-05-02 14:11:02,Cancelled,Received,20,None,20.27,71.9,31.81,76.73,356
SHP-1148,TRK-109,Maria Santos,Manila to Quezon City,Warehouse D - Cebu,2026-04-25 9:21:02,2026-04-25 17:36:02,In Transit,Pending,15,None,37.95,79.26,77.4,55.49,261
SHP-1149,TRK-112,Liza Mendoza,Davao to Tagum,Warehouse C - Laguna,2026-04-20 16:50:02,2026-04-21 0:05:02,Delayed,Pending,15,Engine Failure,38.06,54.68,83.92,20.88,366
SHP-1150,TRK-103,Mark Dela Cruz,Manila to Quezon City,Warehouse D - Cebu,2026-05-01 23:58:02,2026-05-02 9:13:02,Cancelled,Failed,15,Heavy Traffic,21.6,45.09,45.79,36.87,208
SHP-1151,TRK-115,Paul Garcia,Manila to Quezon City,Warehouse D - Cebu,2026-05-04 10:50:02,2026-05-04 11:55:02,Delayed,Received,5,None,21.3,93.98,66.1,24.79,27
SHP-1152,TRK-118,Kevin Reyes,Taguig to Cavite,Warehouse C - Laguna,2026-05-10 13:41:02,2026-05-10 16:56:02,Delivered,Received,15,None,33.78,84.26,58.79,76.82,435
SHP-1153,TRK-110,Mark Dela Cruz,Laguna to Pasay,Warehouse B - Pasig,2026-05-13 16:59:02,2026-05-14 1:09:02,Delayed,Pending,10,None,27.18,41.27,86.46,69.79,162
SHP-1154,TRK-113,Maria Santos,Taguig to Cavite,Warehouse B - Pasig,2026-05-01 7:03:02,2026-05-01 15:48:02,In Transit,Received,45,None,18.33,61.96,34.15,70.42,27
SHP-1155,TRK-119,Anne Lopez,Bulacan to Manila,Warehouse A - Manila,2026-04-26 10:00:02,2026-04-26 19:30:02,Cancelled,Pending,30,None,32.23,55.97,79.12,57.42,60
SHP-1156,TRK-119,John Cruz,Manila to Quezon City,Warehouse B - Pasig,2026-04-30 13:51:02,2026-04-30 15:56:02,Delivered,Received,5,None,29.15,62.03,37.95,78.23,218
SHP-1157,TRK-109,Mark Dela Cruz,Laguna to Pasay,Warehouse D - Cebu,2026-05-14 18:02:02,2026-05-15 2:22:02,Delivered,Received,20,None,28.11,86.88,94.06,35.06,27
SHP-1158,TRK-110,Paul Garcia,Bulacan to Manila,Warehouse B - Pasig,2026-04-17 11:11:02,2026-04-17 14:21:02,Delayed,Pending,10,None,20.72,55.13,94.92,49.37,179
SHP-1159,TRK-109,Kevin Reyes,Cebu City to Mandaue,Warehouse C - Laguna,2026-04-17 14:10:02,2026-04-17 23:55:02,In Transit,Pending,45,None,20.55,92.95,47.49,20.51,109
SHP-1160,TRK-113,Paul Garcia,Cebu City to Mandaue,Warehouse A - Manila,2026-04-20 21:37:02,2026-04-21 7:22:02,Cancelled,Pending,45,None,24.62,81.1,85.24,57.9,51
SHP-1161,TRK-100,Paul Garcia,Manila to Quezon City,Warehouse C - Laguna,2026-04-28 18:32:02,2026-04-29 6:02:02,Delivered,Failed,30,None,28.69,40.18,72.06,60.13,265
SHP-1162,TRK-106,John Cruz,Taguig to Cavite,Warehouse C - Laguna,2026-05-03 13:03:02,2026-05-03 21:08:02,Cancelled,Failed,5,None,19.31,78.61,91.11,95.36,413
SHP-1163,TRK-118,Anne Lopez,Bulacan to Manila,Warehouse C - Laguna,2026-05-08 12:08:02,2026-05-08 21:38:02,In Transit,Received,30,Heavy Traffic,33.12,46,56.27,75.71,254
SHP-1164,TRK-113,Liza Mendoza,Pasig to Makati,Warehouse C - Laguna,2026-04-18 12:23:02,2026-04-18 16:38:02,Delivered,Received,15,Flat Tire,29.27,73.55,96.55,30.74,189
SHP-1165,TRK-117,Mark Dela Cruz,Laguna to Pasay,Warehouse A - Manila,2026-05-05 3:30:02,2026-05-05 9:50:02,In Transit,Pending,20,None,24.78,70.98,31.17,71.62,48
SHP-1166,TRK-106,John Cruz,Bulacan to Manila,Warehouse A - Manila,2026-04-26 8:08:02,2026-04-26 18:38:02,Delayed,Failed,30,None,30.63,56.04,69.87,62.5,461
SHP-1167,TRK-115,Paul Garcia,Cebu City to Mandaue,Warehouse B - Pasig,2026-05-05 14:53:02,2026-05-05 19:58:02,Delivered,Pending,5,None,19.2,45.66,61.86,13.97,299
SHP-1168,TRK-111,Paul Garcia,Laguna to Pasay,Warehouse C - Laguna,2026-05-12 13:13:02,2026-05-12 14:28:02,Delivered,Failed,15,None,33.32,70.51,77.42,97.8,451
SHP-1169,TRK-102,Anne Lopez,Bulacan to Manila,Warehouse A - Manila,2026-05-14 1:35:02,2026-05-14 4:05:02,Delivered,Pending,30,None,27.77,93.19,76.25,27.56,305
SHP-1170,TRK-102,John Cruz,Manila to Quezon City,Warehouse B - Pasig,2026-04-18 7:06:02,2026-04-18 17:06:02,Cancelled,Received,0,Heavy Traffic,29.69,53.97,98.44,66.53,81
SHP-1171,TRK-106,Maria Santos,Taguig to Cavite,Warehouse D - Cebu,2026-05-11 22:55:02,2026-05-12 6:55:02,Delivered,Failed,0,None,32.13,74.37,48.14,46.16,206
SHP-1172,TRK-111,Paul Garcia,Bulacan to Manila,Warehouse C - Laguna,2026-04-22 23:41:02,2026-04-23 5:51:02,In Transit,Failed,10,None,28.58,83.44,95.11,58.06,145
SHP-1173,TRK-111,Mark Dela Cruz,Laguna to Pasay,Warehouse B - Pasig,2026-05-01 2:49:02,2026-05-01 7:09:02,Cancelled,Received,20,Engine Failure,23.67,62.61,97.67,75.43,140
SHP-1174,TRK-109,Anne Lopez,Pasig to Makati,Warehouse D - Cebu,2026-05-03 1:18:02,2026-05-03 13:03:02,Cancelled,Failed,45,None,33.04,93.57,93.99,12.1,462
SHP-1175,TRK-110,Anne Lopez,Taguig to Cavite,Warehouse C - Laguna,2026-04-21 4:26:02,2026-04-21 6:36:02,Delivered,Received,10,None,20.55,66.96,32.94,89.46,16
SHP-1176,TRK-104,Paul Garcia,Laguna to Pasay,Warehouse C - Laguna,2026-05-03 4:16:02,2026-05-03 5:16:02,Delayed,Received,0,None,39.68,59.24,46.31,42.54,176
SHP-1177,TRK-119,Paul Garcia,Manila to Quezon City,Warehouse B - Pasig,2026-05-13 21:32:02,2026-05-13 23:52:02,Delayed,Received,20,None,30.53,82.11,46.82,77.57,262
SHP-1178,TRK-119,Maria Santos,Pasig to Makati,Warehouse B - Pasig,2026-04-20 11:54:02,2026-04-20 14:09:02,Delivered,Pending,15,None,19.19,73.81,77.08,30.19,56
SHP-1179,TRK-118,Maria Santos,Manila to Quezon City,Warehouse C - Laguna,2026-05-02 4:04:02,2026-05-02 11:09:02,Delivered,Received,5,None,19.39,88.45,43.09,75.89,245
SHP-1180,TRK-110,Anne Lopez,Manila to Quezon City,Warehouse D - Cebu,2026-05-08 18:24:02,2026-05-09 1:34:02,Delayed,Pending,10,None,23.03,41.37,76.19,56.22,171
SHP-1181,TRK-118,Kevin Reyes,Davao to Tagum,Warehouse A - Manila,2026-05-06 6:32:02,2026-05-06 10:52:02,Cancelled,Pending,20,Flat Tire,31.47,42.03,93.91,21.83,456
SHP-1182,TRK-115,Paul Garcia,Bulacan to Manila,Warehouse A - Manila,2026-04-23 2:54:02,2026-04-23 9:59:02,Delayed,Failed,5,None,23.2,41.43,43.7,13.21,268
SHP-1183,TRK-116,Mark Dela Cruz,Manila to Quezon City,Warehouse A - Manila,2026-04-22 21:36:02,2026-04-23 6:56:02,Delayed,Failed,20,Road Closure,29.8,90.13,65.21,73.26,248
SHP-1184,TRK-118,Paul Garcia,Laguna to Pasay,Warehouse C - Laguna,2026-04-19 14:11:02,2026-04-19 23:41:02,Cancelled,Failed,30,Accident,35.98,61.17,82.65,84.21,446
SHP-1185,TRK-100,Mark Dela Cruz,Cebu City to Mandaue,Warehouse C - Laguna,2026-04-26 0:00:02,2026-04-26 11:20:02,In Transit,Received,20,None,36.75,44.73,52.8,17.11,344
SHP-1186,TRK-108,Paul Garcia,Davao to Tagum,Warehouse C - Laguna,2026-05-11 14:58:02,2026-05-11 17:28:02,Delayed,Failed,30,Engine Failure,32.08,50.73,30.68,31.9,166
SHP-1187,TRK-104,John Cruz,Taguig to Cavite,Warehouse C - Laguna,2026-04-30 6:13:02,2026-04-30 15:58:02,Delivered,Received,45,None,37.02,55.74,36.55,94.09,94
SHP-1188,TRK-102,Kevin Reyes,Laguna to Pasay,Warehouse B - Pasig,2026-05-10 5:02:02,2026-05-10 7:22:02,In Transit,Pending,20,Road Closure,39.72,40.66,74.06,43.19,219
SHP-1189,TRK-119,John Cruz,Pasig to Makati,Warehouse C - Laguna,2026-05-05 16:51:02,2026-05-05 20:56:02,Cancelled,Pending,5,None,20.96,56.26,75.88,69,17
SHP-1190,TRK-113,Kevin Reyes,Manila to Quezon City,Warehouse C - Laguna,2026-05-12 6:12:02,2026-05-12 16:42:02,Delivered,Received,30,None,39.41,79.55,82.31,10.37,391
SHP-1191,TRK-109,John Cruz,Laguna to Pasay,Warehouse C - Laguna,2026-04-24 5:21:02,2026-04-24 13:31:02,Cancelled,Pending,10,None,22.51,47.95,52.42,12.75,237
SHP-1192,TRK-109,Maria Santos,Davao to Tagum,Warehouse C - Laguna,2026-04-23 1:57:02,2026-04-23 4:27:02,Cancelled,Pending,30,Heavy Traffic,37.56,67.31,51.64,53.35,310
SHP-1193,TRK-112,Maria Santos,Cebu City to Mandaue,Warehouse D - Cebu,2026-04-23 13:03:02,2026-04-23 16:18:02,Cancelled,Pending,15,None,19.64,40.02,99.54,15.26,105
SHP-1194,TRK-101,Liza Mendoza,Laguna to Pasay,Warehouse C - Laguna,2026-04-27 3:24:02,2026-04-27 7:44:02,Delayed,Received,20,None,24.79,58.5,84.9,61.07,386
SHP-1195,TRK-102,Liza Mendoza,Taguig to Cavite,Warehouse A - Manila,2026-05-14 3:19:02,2026-05-14 8:39:02,Delivered,Pending,20,None,19.94,62.9,33.67,74.45,60
SHP-1196,TRK-105,Anne Lopez,Laguna to Pasay,Warehouse D - Cebu,2026-05-05 7:10:02,2026-05-05 12:40:02,Delayed,Received,30,None,29.4,68.97,33.57,92.27,54
SHP-1197,TRK-103,Paul Garcia,Bulacan to Manila,Warehouse D - Cebu,2026-05-03 23:47:02,2026-05-04 8:02:02,Delayed,Received,15,Flat Tire,26.05,90.97,95.77,85.85,393
SHP-1198,TRK-103,Kevin Reyes,Manila to Quezon City,Warehouse D - Cebu,2026-04-30 16:45:02,2026-04-30 23:55:02,Delayed,Pending,10,None,36.63,91.97,95.27,50.42,483
SHP-1199,TRK-109,Mark Dela Cruz,Davao to Tagum,Warehouse C - Laguna,2026-04-24 1:55:02,2026-04-24 10:00:02,Delayed,Pending,5,None,22.64,78.7,91.77,12.03,213
SHP-1200,TRK-103,Kevin Reyes,Davao to Tagum,Warehouse B - Pasig,2026-05-07 11:30:02,2026-05-07 20:15:02,Delayed,Failed,45,None,29.62,73.07,38.77,90.57,346
SHP-1201,TRK-107,Maria Santos,Bulacan to Manila,Warehouse A - Manila,2026-04-29 12:12:02,2026-04-29 22:32:02,Delayed,Received,20,None,32.85,55.64,95.88,63.82,225
SHP-1202,TRK-106,Mark Dela Cruz,Cebu City to Mandaue,Warehouse A - Manila,2026-05-04 11:52:02,2026-05-04 18:07:02,Delayed,Pending,15,Heavy Traffic,19.1,85.07,46.51,54.69,196
SHP-1203,TRK-103,Mark Dela Cruz,Laguna to Pasay,Warehouse A - Manila,2026-04-27 19:36:02,2026-04-27 23:41:02,Delivered,Failed,5,None,37.95,85.48,96.96,74.98,54
SHP-1204,TRK-113,Mark Dela Cruz,Pasig to Makati,Warehouse D - Cebu,2026-04-30 22:10:02,2026-05-01 6:20:02,In Transit,Failed,10,Heavy Traffic,39.8,62.19,43.67,40.92,119
SHP-1205,TRK-119,Kevin Reyes,Davao to Tagum,Warehouse B - Pasig,2026-05-14 18:33:02,2026-05-15 0:18:02,Delivered,Failed,45,None,38.01,51.63,53.63,66.89,101
SHP-1206,TRK-119,John Cruz,Taguig to Cavite,Warehouse D - Cebu,2026-04-19 13:37:02,2026-04-19 21:57:02,In Transit,Failed,20,Heavy Traffic,25.21,50.35,54.09,31.09,457
SHP-1207,TRK-101,Paul Garcia,Davao to Tagum,Warehouse B - Pasig,2026-05-14 19:03:02,2026-05-15 0:03:02,Cancelled,Received,0,Flat Tire,22.73,61.67,70.51,60.72,426
SHP-1208,TRK-103,Kevin Reyes,Bulacan to Manila,Warehouse D - Cebu,2026-05-09 0:14:02,2026-05-09 5:19:02,Delivered,Received,5,None,30.32,46.73,78.18,25.91,101
SHP-1209,TRK-110,Mark Dela Cruz,Laguna to Pasay,Warehouse C - Laguna,2026-04-24 14:13:02,2026-04-25 0:58:02,Cancelled,Pending,45,None,31.14,82.29,57.12,52.3,432
SHP-1210,TRK-100,John Cruz,Manila to Quezon City,Warehouse C - Laguna,2026-04-23 11:28:02,2026-04-23 12:33:02,Delivered,Received,5,Accident,34.66,64.64,56.1,49.34,34
SHP-1211,TRK-112,John Cruz,Cebu City to Mandaue,Warehouse D - Cebu,2026-04-16 19:04:02,2026-04-17 6:49:02,In Transit,Failed,45,None,27.78,49.53,50.67,28.17,250
SHP-1212,TRK-114,Paul Garcia,Cebu City to Mandaue,Warehouse B - Pasig,2026-04-25 0:13:02,2026-04-25 9:33:02,Cancelled,Pending,20,Road Closure,34.17,84.97,40,85.44,65
SHP-1213,TRK-109,Liza Mendoza,Laguna to Pasay,Warehouse D - Cebu,2026-05-14 1:06:02,2026-05-14 12:11:02,Delivered,Received,5,None,22.63,68.12,40.01,56.64,449
SHP-1214,TRK-103,Mark Dela Cruz,Taguig to Cavite,Warehouse B - Pasig,2026-04-22 3:03:02,2026-04-22 11:33:02,In Transit,Pending,30,None,19.38,52.18,83.47,43.44,419
SHP-1215,TRK-101,Maria Santos,Davao to Tagum,Warehouse C - Laguna,2026-04-18 16:15:02,2026-04-19 3:30:02,Delayed,Received,15,None,19.23,75.29,74.55,64.22,141
SHP-1216,TRK-102,Mark Dela Cruz,Cebu City to Mandaue,Warehouse D - Cebu,2026-05-01 7:06:02,2026-05-01 17:51:02,Cancelled,Failed,45,None,19.44,68.02,88.98,82.15,488
SHP-1217,TRK-105,Maria Santos,Taguig to Cavite,Warehouse A - Manila,2026-04-18 4:33:02,2026-04-18 12:03:02,Cancelled,Failed,30,Road Closure,20.74,90.95,66.76,23.76,207
SHP-1218,TRK-117,Mark Dela Cruz,Manila to Quezon City,Warehouse D - Cebu,2026-04-24 16:25:02,2026-04-24 21:55:02,Delivered,Received,30,None,26.58,76.65,94.64,82.5,482
SHP-1219,TRK-109,Paul Garcia,Laguna to Pasay,Warehouse B - Pasig,2026-05-03 9:58:02,2026-05-03 11:43:02,Delayed,Received,45,None,18.51,79.94,38.37,36.13,496
SHP-1220,TRK-119,Anne Lopez,Bulacan to Manila,Warehouse D - Cebu,2026-04-18 0:29:02,2026-04-18 9:49:02,Delivered,Received,20,None,34.26,89.55,53.12,20.73,221
SHP-1221,TRK-113,Liza Mendoza,Davao to Tagum,Warehouse A - Manila,2026-05-05 13:27:02,2026-05-06 0:57:02,Delayed,Failed,30,None,30.17,75.99,40.44,50.81,399
SHP-1222,TRK-112,Anne Lopez,Laguna to Pasay,Warehouse D - Cebu,2026-05-08 9:32:02,2026-05-08 14:02:02,Cancelled,Received,30,None,25.67,82.27,93.25,48.57,430
SHP-1223,TRK-104,Maria Santos,Davao to Tagum,Warehouse C - Laguna,2026-04-29 17:07:02,2026-04-30 3:52:02,In Transit,Received,45,Engine Failure,22.91,44.9,76.91,53.87,127
SHP-1224,TRK-118,Mark Dela Cruz,Taguig to Cavite,Warehouse A - Manila,2026-05-13 14:35:02,2026-05-13 16:05:02,Delivered,Pending,30,None,34.17,68.02,49.52,51.91,321
SHP-1225,TRK-103,Maria Santos,Manila to Quezon City,Warehouse B - Pasig,2026-05-10 14:51:02,2026-05-10 17:01:02,Delayed,Failed,10,None,23.25,85.03,48.34,90.17,80
SHP-1226,TRK-114,John Cruz,Cebu City to Mandaue,Warehouse D - Cebu,2026-04-24 13:17:02,2026-04-24 18:02:02,Delayed,Pending,45,None,32.47,77.01,34.56,49.49,448
SHP-1227,TRK-107,Liza Mendoza,Taguig to Cavite,Warehouse A - Manila,2026-04-16 11:08:02,2026-04-16 20:38:02,Delayed,Failed,30,Road Closure,21.34,55.52,81.54,18.21,493
SHP-1228,TRK-102,Anne Lopez,Manila to Quezon City,Warehouse D - Cebu,2026-05-15 18:58:02,2026-05-16 5:28:02,In Transit,Pending,30,Road Closure,20.15,51.27,93.83,42.48,349
SHP-1229,TRK-110,Kevin Reyes,Davao to Tagum,Warehouse A - Manila,2026-05-08 20:41:02,2026-05-08 23:51:02,In Transit,Received,10,None,20.89,57.43,49.75,64.36,208
SHP-1230,TRK-112,Maria Santos,Cebu City to Mandaue,Warehouse C - Laguna,2026-04-26 3:15:02,2026-04-26 12:30:02,Delivered,Received,15,None,23.7,72.15,68.55,38.97,117
SHP-1231,TRK-103,John Cruz,Manila to Quezon City,Warehouse A - Manila,2026-05-08 17:02:02,2026-05-08 22:22:02,Cancelled,Failed,20,None,32.22,85.58,92.42,55.23,90
SHP-1232,TRK-101,Liza Mendoza,Davao to Tagum,Warehouse C - Laguna,2026-04-26 12:25:02,2026-04-26 13:35:02,Delayed,Failed,10,Accident,19.57,72.11,49.72,52.8,207
SHP-1233,TRK-107,Anne Lopez,Bulacan to Manila,Warehouse C - Laguna,2026-04-29 18:03:02,2026-04-29 23:23:02,Cancelled,Received,20,None,19.73,60.35,94.45,81.45,447
SHP-1234,TRK-113,Mark Dela Cruz,Pasig to Makati,Warehouse A - Manila,2026-05-12 18:51:02,2026-05-13 4:21:02,In Transit,Pending,30,None,23.42,58.19,47.44,96.4,262
SHP-1235,TRK-104,Liza Mendoza,Manila to Quezon City,Warehouse C - Laguna,2026-05-05 6:23:02,2026-05-05 9:38:02,Delayed,Failed,15,Heavy Traffic,27.26,51.23,99.22,28.34,12
SHP-1236,TRK-114,Maria Santos,Manila to Quezon City,Warehouse A - Manila,2026-04-19 10:04:02,2026-04-19 17:14:02,Cancelled,Received,10,None,23.55,47.68,91.55,64.39,102
SHP-1237,TRK-119,Maria Santos,Pasig to Makati,Warehouse C - Laguna,2026-04-23 22:49:02,2026-04-24 5:49:02,Delayed,Failed,0,None,32.27,84.94,80.66,94.36,178
SHP-1238,TRK-106,Anne Lopez,Taguig to Cavite,Warehouse A - Manila,2026-05-03 1:37:02,2026-05-03 3:22:02,Delivered,Failed,45,None,27.06,78.93,30.81,12.96,152
SHP-1239,TRK-103,Kevin Reyes,Manila to Quezon City,Warehouse C - Laguna,2026-04-25 23:58:02,2026-04-26 11:28:02,In Transit,Received,30,Heavy Traffic,31.89,81.72,99.14,68.91,153
SHP-1240,TRK-118,Paul Garcia,Bulacan to Manila,Warehouse C - Laguna,2026-05-01 8:53:02,2026-05-01 15:38:02,Delayed,Received,45,None,39.66,65.28,74.39,86.01,38
SHP-1241,TRK-114,Maria Santos,Pasig to Makati,Warehouse B - Pasig,2026-05-02 16:27:02,2026-05-02 23:27:02,In Transit,Failed,0,None,22.39,77.12,65.06,56.69,491
SHP-1242,TRK-105,Liza Mendoza,Pasig to Makati,Warehouse D - Cebu,2026-05-13 13:52:02,2026-05-13 15:52:02,Delivered,Received,0,Flat Tire,29.56,51.85,73.56,44.46,275
SHP-1243,TRK-118,Paul Garcia,Manila to Quezon City,Warehouse C - Laguna,2026-05-03 0:22:02,2026-05-03 11:32:02,Delivered,Failed,10,None,30.61,69.32,77.28,29.66,111
SHP-1244,TRK-116,Anne Lopez,Pasig to Makati,Warehouse C - Laguna,2026-04-24 14:48:02,2026-04-25 2:18:02,Cancelled,Failed,30,None,34.09,94.92,81.93,95.65,178
SHP-1245,TRK-102,Mark Dela Cruz,Manila to Quezon City,Warehouse B - Pasig,2026-04-29 21:21:02,2026-04-29 22:26:02,Delayed,Pending,5,None,39.31,90.44,47.54,26.96,444
SHP-1246,TRK-119,Paul Garcia,Manila to Quezon City,Warehouse A - Manila,2026-05-12 15:07:02,2026-05-12 19:27:02,In Transit,Pending,20,None,23.36,84.27,80.13,29.74,290
SHP-1247,TRK-100,John Cruz,Laguna to Pasay,Warehouse D - Cebu,2026-05-05 11:07:02,2026-05-05 19:52:02,Cancelled,Pending,45,None,18.8,91.27,60.76,85.31,149
SHP-1248,TRK-115,Kevin Reyes,Bulacan to Manila,Warehouse A - Manila,2026-05-06 14:50:02,2026-05-07 0:00:02,Delayed,Received,10,None,36.49,65.06,74.33,18.12,246
SHP-1249,TRK-113,Liza Mendoza,Cebu City to Mandaue,Warehouse D - Cebu,2026-05-06 10:39:02,2026-05-06 13:39:02,Delayed,Failed,0,None,31.19,67.8,39.69,44.96,102
SHP-1250,TRK-100,Maria Santos,Taguig to Cavite,Warehouse A - Manila,2026-05-07 1:01:02,2026-05-07 3:16:02,In Transit,Failed,15,None,39.99,40.02,66.02,15.94,460
SHP-1251,TRK-100,Maria Santos,Manila to Quezon City,Warehouse B - Pasig,2026-04-18 13:27:02,2026-04-19 1:12:02,Delivered,Received,45,None,37.45,88.9,75.02,66.9,168
SHP-1252,TRK-102,Paul Garcia,Manila to Quezon City,Warehouse A - Manila,2026-04-19 19:29:02,2026-04-19 20:49:02,Delayed,Failed,20,None,24.22,71.96,71.98,38.45,242
SHP-1253,TRK-109,Maria Santos,Pasig to Makati,Warehouse A - Manila,2026-04-17 8:45:02,2026-04-17 15:15:02,Delivered,Received,30,Heavy Traffic,35.87,51.43,93.08,62.07,231
SHP-1254,TRK-108,Anne Lopez,Laguna to Pasay,Warehouse B - Pasig,2026-05-08 9:59:02,2026-05-08 18:14:02,Delayed,Failed,15,None,22.63,93.48,63.49,53.37,86
SHP-1255,TRK-101,Maria Santos,Cebu City to Mandaue,Warehouse A - Manila,2026-04-20 8:02:02,2026-04-20 18:07:02,Delayed,Failed,5,None,20.84,74.18,48.94,26.51,146
SHP-1256,TRK-103,Kevin Reyes,Bulacan to Manila,Warehouse A - Manila,2026-04-20 10:29:02,2026-04-20 16:39:02,Delayed,Received,10,Accident,36.64,44.92,60.07,10.16,85
SHP-1257,TRK-119,Mark Dela Cruz,Davao to Tagum,Warehouse B - Pasig,2026-04-21 11:34:02,2026-04-21 15:34:02,Cancelled,Received,0,None,26.35,55.6,60.37,62.98,278
SHP-1258,TRK-102,John Cruz,Pasig to Makati,Warehouse D - Cebu,2026-05-07 23:28:02,2026-05-08 1:58:02,In Transit,Failed,30,Accident,27.53,94.26,54.59,95.55,458
SHP-1259,TRK-116,Maria Santos,Taguig to Cavite,Warehouse A - Manila,2026-05-06 18:31:02,2026-05-07 2:51:02,Delivered,Received,20,Heavy Traffic,20.73,85.05,31.31,36.71,200
SHP-1260,TRK-110,John Cruz,Davao to Tagum,Warehouse A - Manila,2026-05-07 2:00:02,2026-05-07 5:45:02,Cancelled,Received,45,None,37.75,42.74,67.68,42.45,474
SHP-1261,TRK-105,Maria Santos,Cebu City to Mandaue,Warehouse C - Laguna,2026-05-10 2:36:02,2026-05-10 13:41:02,Cancelled,Pending,5,Flat Tire,28.92,55.93,40.88,30.41,24
SHP-1262,TRK-114,Mark Dela Cruz,Davao to Tagum,Warehouse B - Pasig,2026-04-18 23:27:02,2026-04-19 4:12:02,In Transit,Pending,45,Flat Tire,21.04,87.83,39.13,85.84,487
SHP-1263,TRK-112,Paul Garcia,Laguna to Pasay,Warehouse B - Pasig,2026-05-02 9:17:02,2026-05-02 21:02:02,In Transit,Failed,45,None,28.84,51.44,81.33,55.32,343
SHP-1264,TRK-100,Liza Mendoza,Pasig to Makati,Warehouse A - Manila,2026-04-23 3:09:02,2026-04-23 6:54:02,In Transit,Pending,45,Flat Tire,28.93,82.96,62.24,10.58,314
SHP-1265,TRK-108,Anne Lopez,Taguig to Cavite,Warehouse C - Laguna,2026-05-04 18:09:02,2026-05-04 19:24:02,Cancelled,Pending,15,Heavy Traffic,34.61,85.9,91.71,12.18,140
SHP-1266,TRK-119,Maria Santos,Bulacan to Manila,Warehouse B - Pasig,2026-05-13 10:32:02,2026-05-13 16:02:02,In Transit,Failed,30,Heavy Traffic,28.06,53.02,79.95,13.54,411
SHP-1267,TRK-119,Liza Mendoza,Manila to Quezon City,Warehouse D - Cebu,2026-05-05 18:40:02,2026-05-06 4:10:02,In Transit,Received,30,None,21.73,64.27,63.68,30.08,219
SHP-1268,TRK-105,Paul Garcia,Manila to Quezon City,Warehouse D - Cebu,2026-05-02 14:45:02,2026-05-02 20:55:02,Delivered,Failed,10,None,23.77,50.71,48.39,41.03,363
SHP-1269,TRK-113,Paul Garcia,Cebu City to Mandaue,Warehouse D - Cebu,2026-05-10 10:09:02,2026-05-10 20:09:02,Delivered,Pending,0,None,33.41,92.8,34.43,95.13,366
SHP-1270,TRK-106,Paul Garcia,Manila to Quezon City,Warehouse B - Pasig,2026-04-17 4:17:02,2026-04-17 13:22:02,In Transit,Received,5,None,32.4,85.66,66.86,80.81,288
SHP-1271,TRK-117,Liza Mendoza,Bulacan to Manila,Warehouse D - Cebu,2026-04-23 15:45:02,2026-04-24 0:00:02,Delayed,Failed,15,None,28.58,42.98,49.71,21.84,310
SHP-1272,TRK-115,Maria Santos,Cebu City to Mandaue,Warehouse B - Pasig,2026-04-23 10:21:02,2026-04-23 13:21:02,Delivered,Failed,0,None,18.57,82.34,97.49,81.74,398
SHP-1273,TRK-112,Anne Lopez,Bulacan to Manila,Warehouse D - Cebu,2026-05-03 7:16:02,2026-05-03 11:26:02,In Transit,Pending,10,None,31.64,48.8,34.09,78.43,440
SHP-1274,TRK-113,Mark Dela Cruz,Manila to Quezon City,Warehouse A - Manila,2026-05-06 10:18:02,2026-05-06 14:03:02,Delivered,Pending,45,Road Closure,29.92,51.15,98.93,41.96,335
SHP-1275,TRK-108,Paul Garcia,Manila to Quezon City,Warehouse C - Laguna,2026-04-16 14:02:02,2026-04-16 22:47:02,Delayed,Pending,45,Road Closure,32.7,48.22,56.68,21.46,486
SHP-1276,TRK-108,Liza Mendoza,Bulacan to Manila,Warehouse D - Cebu,2026-04-21 18:49:02,2026-04-21 22:09:02,In Transit,Pending,20,Heavy Traffic,33.38,61.63,58.4,72.33,39
SHP-1277,TRK-102,Kevin Reyes,Bulacan to Manila,Warehouse A - Manila,2026-05-14 6:33:02,2026-05-14 9:03:02,In Transit,Pending,30,None,32.32,46.51,74.59,21.8,265
SHP-1278,TRK-103,Paul Garcia,Pasig to Makati,Warehouse D - Cebu,2026-05-05 20:01:02,2026-05-06 0:06:02,Cancelled,Failed,5,None,35.05,80.66,89.51,16.02,151
SHP-1279,TRK-114,Mark Dela Cruz,Cebu City to Mandaue,Warehouse A - Manila,2026-05-01 14:01:02,2026-05-01 15:01:02,Cancelled,Pending,0,None,26.94,85.43,91.5,72.49,167
SHP-1280,TRK-110,Mark Dela Cruz,Manila to Quezon City,Warehouse C - Laguna,2026-05-04 23:12:02,2026-05-05 2:27:02,Delayed,Received,15,None,32.07,72.43,85.14,64.87,136
SHP-1281,TRK-110,Liza Mendoza,Taguig to Cavite,Warehouse B - Pasig,2026-05-06 14:34:02,2026-05-06 23:39:02,In Transit,Received,5,None,30.1,68.02,80.26,21.79,437
SHP-1282,TRK-117,Anne Lopez,Pasig to Makati,Warehouse C - Laguna,2026-04-27 12:14:02,2026-04-27 20:44:02,Cancelled,Failed,30,Engine Failure,37.52,77.38,48.3,62.64,24
SHP-1283,TRK-113,Maria Santos,Laguna to Pasay,Warehouse D - Cebu,2026-04-27 12:10:02,2026-04-27 19:30:02,Cancelled,Received,20,None,27.96,80.1,52.12,44.28,328
SHP-1284,TRK-107,Maria Santos,Cebu City to Mandaue,Warehouse A - Manila,2026-05-01 2:35:02,2026-05-01 4:50:02,In Transit,Failed,15,None,37.96,44.28,57.84,10.5,463
SHP-1285,TRK-115,Mark Dela Cruz,Laguna to Pasay,Warehouse A - Manila,2026-05-04 8:19:02,2026-05-04 16:19:02,In Transit,Pending,0,None,36.58,92.9,84.37,78.37,241
SHP-1286,TRK-101,Liza Mendoza,Bulacan to Manila,Warehouse A - Manila,2026-04-28 15:04:02,2026-04-29 1:34:02,Delivered,Failed,30,None,34.08,78.7,50.17,67.74,227
SHP-1287,TRK-114,Mark Dela Cruz,Taguig to Cavite,Warehouse A - Manila,2026-05-13 14:23:02,2026-05-13 16:33:02,Cancelled,Received,10,None,28.91,77.72,90.86,71.75,127
SHP-1288,TRK-105,Mark Dela Cruz,Cebu City to Mandaue,Warehouse D - Cebu,2026-04-21 13:13:02,2026-04-21 23:43:02,Delayed,Pending,30,None,37.36,94.5,30.88,50.37,24
SHP-1289,TRK-108,Anne Lopez,Pasig to Makati,Warehouse C - Laguna,2026-04-30 14:04:02,2026-04-30 22:19:02,Delivered,Failed,15,None,39.86,64.01,83.8,98.01,448
SHP-1290,TRK-107,Anne Lopez,Bulacan to Manila,Warehouse D - Cebu,2026-05-02 1:56:02,2026-05-02 6:41:02,Delayed,Failed,45,Accident,26.03,84.89,31.44,96.42,60
SHP-1291,TRK-118,Liza Mendoza,Davao to Tagum,Warehouse D - Cebu,2026-05-09 2:22:02,2026-05-09 10:07:02,Cancelled,Received,45,None,38.44,90.87,43.43,99.25,319
SHP-1292,TRK-110,Anne Lopez,Bulacan to Manila,Warehouse D - Cebu,2026-04-19 10:11:02,2026-04-19 15:21:02,Delivered,Pending,10,None,30.16,83.77,95.31,77.03,107
SHP-1293,TRK-114,John Cruz,Bulacan to Manila,Warehouse A - Manila,2026-05-07 20:21:02,2026-05-08 0:21:02,Delivered,Received,0,None,29.39,61.63,66.35,68.76,237
SHP-1294,TRK-107,Liza Mendoza,Bulacan to Manila,Warehouse A - Manila,2026-05-10 5:52:02,2026-05-10 16:07:02,Cancelled,Failed,15,None,29.59,64.47,56.7,61.24,460
SHP-1295,TRK-111,Liza Mendoza,Bulacan to Manila,Warehouse C - Laguna,2026-05-01 2:31:02,2026-05-01 9:36:02,Cancelled,Pending,5,None,30.17,88.14,31.48,43.97,319
SHP-1296,TRK-118,Anne Lopez,Bulacan to Manila,Warehouse C - Laguna,2026-05-14 21:14:02,2026-05-15 6:19:02,Delivered,Received,5,None,18.39,42.52,83.58,71.93,221
SHP-1297,TRK-106,Paul Garcia,Taguig to Cavite,Warehouse A - Manila,2026-04-30 18:32:02,2026-05-01 1:42:02,In Transit,Pending,10,None,33.47,55.79,45.47,66.2,227
SHP-1298,TRK-118,Anne Lopez,Laguna to Pasay,Warehouse D - Cebu,2026-05-06 13:03:02,2026-05-06 20:48:02,Cancelled,Received,45,Heavy Traffic,18.1,50.21,41.22,99.54,213
SHP-1299,TRK-118,Kevin Reyes,Bulacan to Manila,Warehouse B - Pasig,2026-04-29 2:37:02,2026-04-29 9:52:02,Delayed,Pending,15,None,24.18,85.97,33.47,26.97,445